lanches tradicionais,lanches gourmets,combos,bebidas,adicionais de lanches
davi burger triplo,x bacon com salada gourmet,1 x alcatra + 1 coca cola lata,coca cola 200ml, alface
dog queijo com bacon, x davi burguer gourmet,1 x bacon + coca cola lata + bombom ouro branco, coca cola 1 litro,bacon
dog queijo com salada, x bacon gourmet, 1 x salada especial gourmet + coca cola lata,coca cola original 2 litros,batata palha
hot dog, x burguer gourmet, 2 x bacon + 1 conquista 2 litros, coca cola original 350ml,carne bovina
hot dog duplo, x chegado gourmet,combo especial,coca cola original 600ml,catupiry
hot dog especial, x frango especial gourmet,combo da mulher,coca cola zero 350ml,cheddar
hot dog queijo, x salada gourmet, combo dos namorados,cola cola zero  600ml,frango
misto quente , x salada especial gourmet, ,refrigerante guarana conquista garrafa 2 litros,ovo frito
x davi burger, davi burger triplo gourmet, ,sprite original lata 350ml,presunto cozido fatiado perdig√£o
x alcatra , x oback gourmet, ,,queijo
x bacon, x frango especial gourmet, ,,salsicha
x bacon com salada, x egg bacon gourmet, ,,tomate
x burguer promocao do dia, x egg gourmet
x calabresa, duplo burger com bacon gourmet
x carvalho, x alcatra com bacon gourmet
x chegado, x alcatra gourmet
x egg
x frango com hamburger e catupiry
x frango especial
x obac
x quaresma
x salada
x salada especial
dog frango cremoso com queijo
mistodog
promocao do dia dog
x egg bacon
duplo burguer com bacon
x alcatra com bacon
